years_old,year,deaths,population,Deaths per 100k
0,1999,21,3795762,0.6
0,2000,18,3805648,Unreliable
0,2001,22,4012658,0.5
0,2002,29,3951461,0.7
0,2003,25,3975871,0.6
0,2004,30,4014258,0.7
0,2005,35,4004393,0.9
0,2006,44,4041738,1.1
0,2007,33,4147997,0.8
0,2008,21,4132735,0.5
0,2009,32,4003587,0.8
0,2010,23,3944153,0.6
0,2011,24,3996537,0.6
0,2012,32,3943077,0.8
0,2013,30,3941783,0.8
0,2014,24,3948350,0.6
0,2015,29,3978038,0.7
0,,472,67638046,0.7
1,1999,12,3785088,Unreliable
1,2000,5,3820582,Unreliable
1,2001,11,3855407,Unreliable
1,2002,11,4004674,Unreliable
1,2003,16,3936139,Unreliable
1,2004,13,3953063,Unreliable
1,2005,13,3987032,Unreliable
1,2006,13,3972124,Unreliable
1,2007,24,4002215,0.6
1,2008,28,4100756,0.7
1,2009,18,4078797,Unreliable
1,2010,21,3978070,0.5
1,2011,19,3969022,Unreliable
1,2012,22,3981523,0.6
1,2013,23,3955942,0.6
1,2014,19,3962123,Unreliable
1,2015,27,3968564,0.7
1,,295,67311121,0.4
2,1999,5,3782635,Unreliable
2,2000,3,3790446,Unreliable
2,2001,9,3800096,Unreliable
2,2002,4,3856114,Unreliable
2,2003,11,4002836,Unreliable
2,2004,6,3933735,Unreliable
2,2005,10,3952632,Unreliable
2,2006,12,3988119,Unreliable
2,2007,11,3973479,Unreliable
2,2008,11,4004146,Unreliable
2,2009,7,4103002,Unreliable
2,2010,11,4096929,Unreliable
2,2011,13,3971760,Unreliable
2,2012,8,3979957,Unreliable
2,2013,12,3989135,Unreliable
2,2014,15,3957772,Unreliable
2,2015,17,3966583,Unreliable
2,,165,67149376,0.2
3,1999,4,3824806,Unreliable
3,2000,3,3832799,Unreliable
3,2001,5,3802710,Unreliable
3,2002,6,3804336,Unreliable
3,2003,5,3860727,Unreliable
3,2004,2,4008220,Unreliable
3,2005,2,3943215,Unreliable
3,2006,7,3966022,Unreliable
3,2007,5,4004011,Unreliable
3,2008,10,3992320,Unreliable
3,2009,9,4025675,Unreliable
3,2010,4,4119040,Unreliable
3,2011,6,4102285,Unreliable
3,2012,5,3982440,Unreliable
3,2013,5,3989538,Unreliable
3,2014,5,4005190,Unreliable
3,2015,8,3974061,Unreliable
3,,91,67237395,0.1
4,1999,4,3947253,Unreliable
4,2000,4,3926323,Unreliable
4,2001,1,3827346,Unreliable
4,2002,9,3812607,Unreliable
4,2003,3,3816873,Unreliable
4,2004,3,3876609,Unreliable
4,2005,5,4030128,Unreliable
4,2006,4,3970880,Unreliable
4,2007,4,3998260,Unreliable
4,2008,6,4041170,Unreliable
4,2009,6,4033457,Unreliable
4,2010,7,4063170,Unreliable
4,2011,2,4122454,Unreliable
4,2012,5,4112347,Unreliable
4,2013,3,3991690,Unreliable
4,2014,5,4003448,Unreliable
4,2015,4,4020035,Unreliable
4,,75,67594050,0.1
5,1999,2,3999762,Unreliable
5,2000,2,3965103,Unreliable
5,2001,2,3910033,Unreliable
5,2002,2,3837187,Unreliable
5,2003,4,3823568,Unreliable
5,2004,4,3829607,Unreliable
5,2005,4,3893128,Unreliable
5,2006,6,4050582,Unreliable
5,2007,4,3993489,Unreliable
5,2008,3,4024297,Unreliable
5,2009,3,4070265,Unreliable
5,2010,4,4056858,Unreliable
5,2011,4,4088149,Unreliable
5,2012,4,4132747,Unreliable
5,2013,3,4121797,Unreliable
5,2014,1,4004858,Unreliable
5,2015,2,4018158,Unreliable
5,,54,67819588,0.1
6,1999,3,4042620,Unreliable
6,2000,2,4019705,Unreliable
6,2001,1,3972508,Unreliable
6,2003,1,3837761,Unreliable
6,2004,3,3822089,Unreliable
6,2005,7,3828153,Unreliable
6,2006,4,3891329,Unreliable
6,2007,5,4046402,Unreliable
6,2008,6,3988117,Unreliable
6,2009,2,4018200,Unreliable
6,2010,2,4066381,Unreliable
6,2011,3,4074959,Unreliable
6,2012,2,4098714,Unreliable
6,2013,1,4142191,Unreliable
6,2014,3,4134352,Unreliable
6,2015,6,4019207,Unreliable
6,,51,67915742,0.1
7,1999,2,4163303,Unreliable
7,2000,2,4118147,Unreliable
7,2001,1,4012049,Unreliable
7,2002,1,3982360,Unreliable
7,2003,1,3924182,Unreliable
7,2004,1,3850646,Unreliable
7,2005,2,3838840,Unreliable
7,2006,1,3848758,Unreliable
7,2007,2,3914743,Unreliable
7,2008,1,4073291,Unreliable
7,2009,1,4017024,Unreliable
7,2010,2,4030579,Unreliable
7,2012,1,4085964,Unreliable
7,2013,3,4108053,Unreliable
7,2014,1,4154000,Unreliable
7,2015,3,4148360,Unreliable
7,,25,68353445,0
8,2000,3,4179230,Unreliable
8,2001,1,4099542,Unreliable
8,2002,2,4020970,Unreliable
8,2003,1,3991075,Unreliable
8,2004,2,3933161,Unreliable
8,2005,1,3861877,Unreliable
8,2006,2,3852265,Unreliable
8,2007,4,3863089,Unreliable
8,2008,1,3930544,Unreliable
8,2010,3,4046486,Unreliable
8,2011,1,4052957,Unreliable
8,2012,1,4094174,Unreliable
8,2015,2,4167887,Unreliable
8,,24,68568638,0
9,2001,3,4179230,Unreliable
9,2002,2,4118846,Unreliable
9,2003,2,4044265,Unreliable
9,2004,2,4018734,Unreliable
9,2006,2,3901754,Unreliable
9,2007,1,3896888,Unreliable
9,2009,2,3987064,Unreliable
9,2010,3,4148353,Unreliable
9,2011,3,4034985,Unreliable
9,2013,1,4103335,Unreliable
9,2014,2,4106832,Unreliable
9,2015,2,4133564,Unreliable
9,,25,69115598,0
10,1999,3,4148653,Unreliable
10,2000,2,4274056,Unreliable
10,2001,3,4277249,Unreliable
10,2002,4,4243816,Unreliable
10,2003,3,4205042,Unreliable
10,2004,2,4151951,Unreliable
10,2005,2,4150122,Unreliable
10,2006,1,4121105,Unreliable
10,2007,3,4075718,Unreliable
10,2008,2,4093680,Unreliable
10,2009,3,4133090,Unreliable
10,2010,2,4172541,Unreliable
10,2011,1,4134144,Unreliable
10,2012,3,4045719,Unreliable
10,2014,2,4115254,Unreliable
10,2015,3,4121289,Unreliable
10,,39,70536687,0.1
11,1999,2,4036182,Unreliable
11,2000,3,4115093,Unreliable
11,2001,5,4344913,Unreliable
11,2002,2,4295720,Unreliable
11,2003,1,4254047,Unreliable
11,2004,5,4207721,Unreliable
11,2005,2,4149228,Unreliable
11,2006,2,4141970,Unreliable
11,2007,4,4106492,Unreliable
11,2008,4,4055388,Unreliable
11,2009,4,4066605,Unreliable
11,2010,3,4114415,Unreliable
11,2011,3,4195505,Unreliable
11,2012,2,4145034,Unreliable
11,2013,2,4055918,Unreliable
11,2014,3,4085636,Unreliable
11,2015,4,4130328,Unreliable
11,,51,70500195,0.1
12,1999,3,4009910,Unreliable
12,2000,4,4075842,Unreliable
12,2001,1,4183955,Unreliable
12,2002,5,4380351,Unreliable
12,2003,6,4332987,Unreliable
12,2004,4,4293550,Unreliable
12,2005,5,4251162,Unreliable
12,2006,5,4196880,Unreliable
12,2007,11,4192002,Unreliable
12,2008,6,4159477,Unreliable
12,2009,2,4110576,Unreliable
12,2010,6,4106243,Unreliable
12,2011,4,4124205,Unreliable
12,2012,1,4206939,Unreliable
12,2013,4,4155875,Unreliable
12,2014,4,4068790,Unreliable
12,2015,4,4101021,Unreliable
12,,75,70949765,0.1
13,1999,5,4003607,Unreliable
13,2000,12,4010850,Unreliable
13,2001,12,4113191,Unreliable
13,2002,5,4209025,Unreliable
13,2003,10,4401393,Unreliable
13,2004,9,4350199,Unreliable
13,2005,7,4308851,Unreliable
13,2006,12,4264733,Unreliable
13,2007,12,4207326,Unreliable
13,2008,12,4200016,Unreliable
13,2009,10,4164413,Unreliable
13,2010,14,4118013,Unreliable
13,2011,10,4122078,Unreliable
13,2012,7,4136252,Unreliable
13,2013,8,4217964,Unreliable
13,2014,10,4169346,Unreliable
13,2015,17,4084306,Unreliable
13,,172,71081563,0.2
14,1999,10,4015012,Unreliable
14,2000,14,4052231,Unreliable
14,2001,16,4059370,Unreliable
14,2002,19,4132509,Unreliable
14,2003,12,4221884,Unreliable
14,2004,31,4408259,0.7
14,2005,21,4353216,0.5
14,2006,23,4308450,0.5
14,2007,29,4259504,0.7
14,2008,21,4198094,0.5
14,2009,16,4185880,Unreliable
14,2010,24,4165982,0.6
14,2011,19,4128920,Unreliable
14,2012,21,4135274,0.5
14,2013,11,4147439,Unreliable
14,2014,15,4232480,Unreliable
14,2015,17,4185386,Unreliable
14,,319,71189890,0.4
15,1999,19,3939152,Unreliable
15,2000,23,4019404,0.6
15,2001,30,4083878,0.7
15,2002,32,4097876,0.8
15,2003,32,4172654,0.8
15,2004,55,4264863,1.3
15,2005,46,4456969,1
15,2006,42,4406515,1
15,2007,54,4364495,1.2
15,2008,55,4318982,1.3
15,2009,39,4259907,0.9
15,2010,48,4242820,1.1
15,2011,39,4156836,0.9
15,2012,33,4144014,0.8
15,2013,36,4147445,0.9
15,2014,36,4163723,0.9
15,2015,37,4249742,0.9
15,,656,71489275,0.9
16,1999,33,4020305,0.8
16,2000,53,3975021,1.3
16,2001,68,4108304,1.7
16,2002,60,4126961,1.5
16,2003,78,4139141,1.9
16,2004,64,4213762,1.5
16,2005,76,4308145,1.8
16,2006,106,4502997,2.4
16,2007,100,4452250,2.2
16,2008,78,4411176,1.8
16,2009,88,4365338,2
16,2010,80,4316139,1.9
16,2011,74,4245479,1.7
16,2012,62,4174274,1.5
16,2013,42,4158116,1
16,2014,48,4167234,1.2
16,2015,62,4184296,1.5
16,,1172,71868938,1.6
17,1999,63,4031224,1.6
17,2000,66,4046012,1.6
17,2001,89,4028736,2.2
17,2002,97,4148590,2.3
17,2003,108,4160313,2.6
17,2004,130,4167308,3.1
17,2005,132,4239509,3.1
17,2006,134,4331493,3.1
17,2007,145,4521045,3.2
17,2008,144,4467060,3.2
17,2009,127,4421341,2.9
17,2010,122,4395295,2.8
17,2011,123,4330851,2.8
17,2012,90,4265702,2.1
17,2013,108,4191188,2.6
17,2014,95,4184706,2.3
17,2015,99,4194286,2.4
17,,1872,72124659,2.6
18,1999,109,3989843,2.7
18,2000,128,4051598,3.2
18,2001,130,4102851,3.2
18,2002,159,4084316,3.9
18,2003,188,4201835,4.5
18,2004,248,4214061,5.9
18,2005,203,4225126,4.8
18,2006,260,4301050,6
18,2007,302,4394638,6.9
18,2008,299,4588123,6.5
18,2009,232,4534634,5.1
18,2010,250,4500855,5.6
18,2011,250,4396167,5.7
18,2012,236,4354017,5.4
18,2013,212,4285609,4.9
18,2014,198,4225590,4.7
18,2015,243,4217995,5.8
18,,3647,72668308,5
19,1999,143,4104078,3.5
19,2000,182,4127855,4.4
19,2001,222,4132515,5.4
19,2002,277,4152627,6.7
19,2003,263,4123223,6.4
19,2004,317,4242558,7.5
19,2005,330,4256465,7.8
19,2006,338,4265654,7.9
19,2007,358,4335388,8.3
19,2008,379,4425539,8.6
19,2009,326,4611590,7.1
19,2010,345,4585234,7.5
19,2011,367,4514710,8.1
19,2012,266,4422695,6
19,2013,294,4376606,6.7
19,2014,305,4326394,7
19,2015,355,4262584,8.3
19,,5067,73265715,6.9
20,1999,178,3925495,4.5
20,2000,204,4049448,5
20,2001,221,4156725,5.3
20,2002,278,4158896,6.7
20,2003,321,4156877,7.7
20,2004,294,4131771,7.1
20,2005,372,4241197,8.8
20,2006,479,4248095,11.3
20,2007,458,4242404,10.8
20,2008,427,4302988,9.9
20,2009,406,4383628,9.3
20,2010,460,4519129,10.2
20,2011,455,4596113,9.9
20,2012,429,4543774,9.4
20,2013,424,4445721,9.5
20,2014,429,4418887,9.7
20,2015,474,4363440,10.9
20,,6309,72884588,8.7
21,1999,206,3763401,5.5
21,2000,221,3841082,5.8
21,2001,248,4133311,6
21,2002,330,4182678,7.9
21,2003,355,4167554,8.5
21,2004,418,4180191,10
21,2005,433,4150658,10.4
21,2006,494,4258790,11.6
21,2007,486,4257371,11.4
21,2008,508,4251950,11.9
21,2009,474,4307414,11
21,2010,540,4354294,12.4
21,2011,549,4592336,12
21,2012,551,4627509,11.9
21,2013,534,4568663,11.7
21,2014,548,4489746,12.2
21,2015,597,4456790,13.4
21,,7492,72583738,10.3
22,1999,192,3694190,5.2
22,2000,216,3758648,5.7
22,2001,265,3919316,6.8
22,2002,319,4145736,7.7
22,2003,409,4175294,9.8
22,2004,434,4173077,10.4
22,2005,457,4176096,10.9
22,2006,535,4141532,12.9
22,2007,553,4236043,13.1
22,2008,549,4232792,13
22,2009,539,4217667,12.8
22,2010,538,4264642,12.6
22,2011,644,4411032,14.6
22,2012,597,4623739,12.9
22,2013,615,4655731,13.2
22,2014,640,4612322,13.9
22,2015,721,4529472,15.9
22,,8223,71967329,11.4
23,1999,180,3562469,5.1
23,2000,232,3673582,6.3
23,2001,266,3798554,7
23,2002,328,3936927,8.3
23,2003,413,4147777,10
23,2004,464,4192674,11.1
23,2005,485,4183656,11.6
23,2006,575,4186427,13.7
23,2007,606,4143940,14.6
23,2008,575,4237432,13.6
23,2009,595,4230115,14.1
23,2010,610,4198571,14.5
23,2011,699,4311760,16.2
23,2012,666,4443539,15
23,2013,780,4652806,16.8
23,2014,786,4698584,16.7
23,2015,840,4652266,18.1
23,,9100,71251079,12.8
24,1999,228,3645874,6.3
24,2000,242,3641241,6.6
24,2001,274,3749380,7.3
24,2002,335,3819528,8.8
24,2003,452,3944186,11.5
24,2004,489,4167847,11.7
24,2005,561,4208348,13.3
24,2006,689,4201291,16.4
24,2007,613,4198241,14.6
24,2008,578,4155450,13.9
24,2009,663,4245298,15.6
24,2010,674,4249363,15.9
24,2011,690,4242591,16.3
24,2012,725,4344642,16.7
24,2013,751,4472517,16.8
24,2014,843,4692635,18
24,2015,973,4737345,20.5
24,,9780,70715777,13.8
25,1999,214,3657407,5.9
25,2000,251,3744539,6.7
25,2001,258,3659719,7
25,2002,322,3779169,8.5
25,2003,395,3842468,10.3
25,2004,485,3981519,12.2
25,2005,520,4206096,12.4
25,2006,691,4254643,16.2
25,2007,675,4245572,15.9
25,2008,648,4246210,15.3
25,2009,610,4204602,14.5
25,2010,677,4262350,15.9
25,2011,772,4267827,18.1
25,2012,719,4275138,16.8
25,2013,812,4372201,18.6
25,2014,900,4509594,20
25,2015,1120,4729564,23.7
25,,10069,70238618,14.3
26,1999,241,3666228,6.6
26,2000,261,3619660,7.2
26,2001,277,3768152,7.4
26,2002,399,3669915,10.9
26,2003,403,3771710,10.7
26,2004,466,3838225,12.1
26,2005,573,3966722,14.4
26,2006,718,4186325,17.2
26,2007,678,4222850,16.1
26,2008,675,4206583,16
26,2009,725,4197922,17.3
26,2010,792,4152305,19.1
26,2011,814,4311255,18.9
26,2012,830,4298788,19.3
26,2013,849,4300520,19.7
26,2014,972,4406472,22.1
26,2015,1082,4544416,23.8
26,,10755,69128048,15.6
27,1999,290,3935064,7.4
27,2000,283,3789800,7.5
27,2001,308,3668700,8.4
27,2002,353,3791713,9.3
27,2003,428,3688646,11.6
27,2004,482,3801676,12.7
27,2005,523,3870040,13.5
27,2006,719,4004498,18
27,2007,754,4224395,17.8
27,2008,737,4265165,17.3
27,2009,701,4250014,16.5
27,2010,766,4248869,18
27,2011,823,4181448,19.7
27,2012,837,4339574,19.3
27,2013,885,4322247,20.5
27,2014,926,4332545,21.4
27,2015,1172,4439766,26.4
27,,10987,69154160,15.9
28,1999,304,4146484,7.3
28,2000,288,3984812,7.2
28,2001,355,3766129,9.4
28,2002,372,3682001,10.1
28,2003,415,3794838,10.9
28,2004,470,3697495,12.7
28,2005,573,3805526,15.1
28,2006,637,3874154,16.4
28,2007,746,3999799,18.7
28,2008,774,4215620,18.4
28,2009,756,4250613,17.8
28,2010,818,4215249,19.4
28,2011,860,4255686,20.2
28,2012,837,4206614,19.9
28,2013,890,4360245,20.4
28,2014,1032,4351851,23.7
28,2015,1175,4364669,26.9
28,,11302,68971785,16.4
29,1999,403,4169874,9.7
29,2000,367,4242525,8.7
29,2001,354,3956647,8.9
29,2002,404,3768542,10.7
29,2003,445,3673923,12.1
29,2004,475,3788140,12.5
29,2005,511,3686326,13.9
29,2006,643,3790391,17
29,2007,693,3850082,18
29,2008,737,3969090,18.6
29,2009,835,4175077,20
29,2010,856,4223076,20.3
29,2011,916,4263578,21.5
29,2012,941,4278212,22
29,2013,895,4224985,21.2
29,2014,1031,4387476,23.5
29,2015,1282,4383139,29.2
29,,11788,68831083,17.1
30,1999,356,4181212,8.5
30,2000,357,4289970,8.3
30,2001,401,4218260,9.5
30,2002,443,3994164,11.1
30,2003,450,3813536,11.8
30,2004,440,3737940,11.8
30,2005,539,3866581,13.9
30,2006,637,3779051,16.9
30,2007,671,3894527,17.2
30,2008,697,3970191,17.6
30,2009,757,4104133,18.4
30,2010,852,4285668,19.9
30,2011,959,4224516,22.7
30,2012,940,4283410,21.9
30,2013,975,4294831,22.7
30,2014,1024,4250780,24.1
30,2015,1219,4417209,27.6
30,,11717,69605979,16.8
31,1999,377,3936187,9.6
31,2000,385,4011575,9.6
31,2001,397,4302689,9.2
31,2002,508,4210913,12.1
31,2003,534,3973726,13.4
31,2004,462,3790984,12.2
31,2005,520,3705594,14
31,2006,682,3824265,17.8
31,2007,661,3724612,17.7
31,2008,674,3828094,17.6
31,2009,720,3890200,18.5
31,2010,816,3970218,20.6
31,2011,928,4317087,21.5
31,2012,957,4242178,22.6
31,2013,999,4297330,23.2
31,2014,1089,4318706,25.2
31,2015,1221,4278233,28.5
31,,11930,68622591,17.4
32,1999,434,4043957,10.7
32,2000,423,3994121,10.6
32,2001,444,4082902,10.9
32,2002,518,4330977,12
32,2003,567,4245067,13.4
32,2004,572,4023788,14.2
32,2005,623,3848038,16.2
32,2006,642,3772538,17
32,2007,683,3899463,17.5
32,2008,699,3807761,18.4
32,2009,741,3921281,18.9
32,2010,766,3986847,19.2
32,2011,926,4052694,22.8
32,2012,947,4332058,21.9
32,2013,1031,4254331,24.2
32,2014,1108,4320072,25.6
32,2015,1392,4343614,32
32,,12516,69259509,18.1
33,1999,402,4079717,9.9
33,2000,439,4026573,10.9
33,2001,490,4014912,12.2
33,2002,543,4095531,13.3
33,2003,597,4337299,13.8
33,2004,558,4257394,13.1
33,2005,623,4035045,15.4
33,2006,657,3860165,17
33,2007,674,3780927,17.8
33,2008,697,3907253,17.8
33,2009,721,3813001,18.9
33,2010,764,3880150,19.7
33,2011,868,3976037,21.8
33,2012,965,4065562,23.7
33,2013,982,4342738,22.6
33,2014,1196,4276113,28
33,2015,1361,4341754,31.3
33,,12537,69090171,18.1
34,1999,558,4362276,12.8
34,2000,473,4188149,11.3
34,2001,455,4033412,11.3
34,2002,587,4026721,14.6
34,2003,611,4102582,14.9
34,2004,651,4349395,15
34,2005,725,4268679,17
34,2006,761,4049149,18.8
34,2007,715,3871236,18.5
34,2008,664,3791506,17.5
34,2009,691,3916499,17.6
34,2010,757,3839216,19.7
34,2011,878,3940370,22.3
34,2012,890,3987787,22.3
34,2013,999,4075159,24.5
34,2014,1184,4362895,27.1
34,2015,1355,4294838,31.5
34,,12954,69459869,18.6
35,1999,561,4605618,12.2
35,2000,563,4516118,12.5
35,2001,541,4161140,13
35,2002,638,4050190,15.8
35,2003,637,4042650,15.8
35,2004,702,4127056,17
35,2005,695,4377057,15.9
35,2006,774,4302604,18
35,2007,786,4083733,19.2
35,2008,752,3908041,19.2
35,2009,652,3829432,17
35,2010,796,3956434,20.1
35,2011,845,3827920,22.1
35,2012,878,3950567,22.2
35,2013,962,3996723,24.1
35,2014,1125,4094039,27.5
35,2015,1375,4379404,31.4
35,,13282,70208726,18.9
36,1999,609,4543561,13.4
36,2000,618,4511168,13.7
36,2001,602,4457678,13.5
36,2002,722,4168398,17.3
36,2003,714,4051962,17.6
36,2004,677,4048580,16.7
36,2005,711,4130501,17.2
36,2006,777,4380502,17.7
36,2007,807,4302578,18.8
36,2008,775,4083819,19
36,2009,743,3905615,19
36,2010,780,3802087,20.5
36,2011,833,3952699,21.1
36,2012,875,3836469,22.8
36,2013,915,3957642,23.1
36,2014,1064,4014413,26.5
36,2015,1325,4108775,32.2
36,,13547,70256447,19.3
37,1999,666,4582792,14.5
37,2000,644,4517060,14.3
37,2001,710,4534648,15.7
37,2002,734,4459389,16.5
37,2003,774,4165007,18.6
37,2004,773,4051890,19.1
37,2005,772,4044933,19.1
37,2006,864,4126573,20.9
37,2007,887,4370533,20.3
37,2008,900,4291673,21
37,2009,783,4071181,19.2
37,2010,775,3934445,19.7
37,2011,804,3833451,21
37,2012,874,3959492,22.1
37,2013,888,3842679,23.1
37,2014,1035,3974190,26
37,2015,1236,4028403,30.7
37,,14119,70788339,19.9
38,1999,739,4530009,16.3
38,2000,701,4553814,15.4
38,2001,781,4529329,17.2
38,2002,869,4538848,19.1
38,2003,847,4462051,19
38,2004,840,4174027,20.1
38,2005,849,4060608,20.9
38,2006,905,4056686,22.3
38,2007,866,4136991,20.9
38,2008,874,4382157,19.9
38,2009,869,4304006,20.2
38,2010,858,4121880,20.8
38,2011,882,3898503,22.6
38,2012,816,3839004,21.3
38,2013,872,3964301,22
38,2014,976,3859181,25.3
38,2015,1190,3987141,29.8
38,,14734,71398536,20.6
39,1999,667,4620569,14.4
39,2000,744,4608504,16.1
39,2001,814,4553123,17.9
39,2002,874,4534393,19.3
39,2003,946,4542489,20.8
39,2004,878,4473096,19.6
39,2005,819,4185554,19.6
39,2006,959,4074868,23.5
39,2007,873,4070056,21.4
39,2008,890,4151773,21.4
39,2009,910,4397562,20.7
39,2010,929,4364796,21.3
39,2011,964,4081736,23.6
39,2012,919,3902667,23.5
39,2013,912,3842425,23.7
39,2014,1004,3979827,25.2
39,2015,1076,3870862,27.8
39,,15178,72254300,21
40,1999,730,4667525,15.6
40,2000,794,4711434,16.9
40,2001,839,4606601,18.2
40,2002,945,4551912,20.8
40,2003,950,4529389,21
40,2004,1025,4540929,22.6
40,2005,992,4470383,22.2
40,2006,960,4184594,22.9
40,2007,934,4071341,22.9
40,2008,868,4065710,21.3
40,2009,937,4145183,22.6
40,2010,954,4383274,21.8
40,2011,1030,4323778,23.8
40,2012,924,4084481,22.6
40,2013,928,3904767,23.8
40,2014,968,3856888,25.1
40,2015,1125,3989839,28.2
40,,15903,73088028,21.8
41,1999,794,4461898,17.8
41,2000,818,4466676,18.3
41,2001,830,4700471,17.7
41,2002,1045,4610846,22.7
41,2003,1041,4556844,22.8
41,2004,1028,4540376,22.6
41,2005,1063,4553968,23.3
41,2006,1042,4488189,23.2
41,2007,1012,4202260,24.1
41,2008,955,4090091,23.3
41,2009,946,4085265,23.2
41,2010,915,4114985,22.2
41,2011,1024,4384253,23.4
41,2012,985,4324963,22.8
41,2013,963,4084927,23.6
41,2014,1039,3917413,26.5
41,2015,1039,3865228,26.9
41,,16539,73448653,22.5
42,1999,757,4506931,16.8
42,2000,753,4547220,16.6
42,2001,806,4514435,17.9
42,2002,1002,4699196,21.3
42,2003,1013,4606465,22
42,2004,1071,4555019,23.5
42,2005,1092,4537278,24.1
42,2006,1257,4552280,27.6
42,2007,1103,4485432,24.6
42,2008,1004,4199463,23.9
42,2009,1003,4085849,24.5
42,2010,913,4076104,22.4
42,2011,1063,4159664,25.6
42,2012,1034,4384022,23.6
42,2013,1134,4323573,26.2
42,2014,1091,4095929,26.6
42,2015,1156,3924258,29.5
42,,17252,74253118,23.2
43,1999,774,4297852,18
43,2000,781,4407870,17.7
43,2001,875,4523433,19.3
43,2002,1016,4515522,22.5
43,2003,1105,4699388,23.5
43,2004,1143,4610120,24.8
43,2005,1146,4559728,25.1
43,2006,1292,4544742,28.4
43,2007,1238,4560505,27.1
43,2008,1113,4495218,24.8
43,2009,991,4209233,23.5
43,2010,930,4105105,22.7
43,2011,981,4078100,24.1
43,2012,1029,4158551,24.7
43,2013,1082,4380926,24.7
43,2014,1123,4332491,25.9
43,2015,1176,4100708,28.7
43,,17795,74579492,23.9
44,1999,798,4259922,18.7
44,2000,790,4308663,18.3
44,2001,871,4470894,19.5
44,2002,1013,4511955,22.5
44,2003,1131,4497961,25.1
44,2004,1091,4679182,23.3
44,2005,1194,4585528,26
44,2006,1336,4532763,29.5
44,2007,1165,4512801,25.8
44,2008,1246,4524541,27.5
44,2009,1104,4454485,24.8
44,2010,1073,4211496,25.5
44,2011,1099,4087850,26.9
44,2012,1007,4076204,24.7
44,2013,1094,4154727,26.3
44,2014,1192,4388762,27.2
44,2015,1315,4335165,30.3
44,,18519,74592899,24.8
45,1999,757,4245882,17.8
45,2000,759,4341460,17.5
45,2001,858,4301955,19.9
45,2002,993,4461379,22.3
45,2003,998,4499971,22.2
45,2004,1121,4486566,25
45,2005,1188,4666734,25.5
45,2006,1273,4573546,27.8
45,2007,1227,4519792,27.1
45,2008,1237,4499251,27.5
45,2009,1197,4509265,26.5
45,2010,1111,4508868,24.6
45,2011,1126,4170798,27
45,2012,1117,4084512,27.3
45,2013,1083,4070408,26.6
45,2014,1128,4161450,27.1
45,2015,1321,4389345,30.1
45,,18494,74491182,24.8
46,1999,688,3994950,17.2
46,2000,637,4087563,15.6
46,2001,814,4331582,18.8
46,2002,992,4301101,23.1
46,2003,1065,4462427,23.9
46,2004,1130,4506067,25.1
46,2005,1127,4496805,25.1
46,2006,1357,4682144,29
46,2007,1255,4591932,27.3
46,2008,1324,4541484,29.2
46,2009,1332,4523596,29.4
46,2010,1220,4519761,27
46,2011,1215,4428601,27.4
46,2012,1147,4165735,27.5
46,2013,1122,4076903,27.5
46,2014,1184,4076237,29
46,2015,1343,4160573,32.3
46,,18952,73947461,25.6
47,1999,574,3937147,14.6
47,2000,663,4019692,16.5
47,2001,732,4152347,17.6
47,2002,901,4330110,20.8
47,2003,1013,4300483,23.6
47,2004,1112,4465196,24.9
47,2005,1234,4511695,27.4
47,2006,1293,4506142,28.7
47,2007,1356,4694196,28.9
47,2008,1301,4606123,28.2
47,2009,1328,4557336,29.1
47,2010,1258,4535265,27.7
47,2011,1245,4517819,27.6
47,2012,1277,4421347,28.9
47,2013,1240,4156273,29.8
47,2014,1223,4082150,30
47,2015,1256,4073685,30.8
47,,19006,73867006,25.7
48,1999,528,3710656,14.2
48,2000,568,3885145,14.6
48,2001,678,4018921,16.9
48,2002,852,4143330,20.6
48,2003,971,4317939,22.5
48,2004,1048,4287486,24.4
48,2005,1146,4449860,25.8
48,2006,1299,4495342,28.9
48,2007,1288,4487653,28.7
48,2008,1245,4672955,26.6
48,2009,1349,4582655,29.4
48,2010,1292,4538796,28.5
48,2011,1342,4521355,29.7
48,2012,1293,4508318,28.7
48,2013,1264,4409800,28.7
48,2014,1281,4158996,30.8
48,2015,1295,4077689,31.8
48,,18739,73266896,25.6
49,1999,495,3765572,13.1
49,2000,544,3758544,14.5
49,2001,578,3894178,14.8
49,2002,713,4016368,17.8
49,2003,899,4141856,21.7
49,2004,994,4319947,23
49,2005,1102,4292077,25.7
49,2006,1242,4458112,27.9
49,2007,1270,4506188,28.2
49,2008,1298,4501160,28.8
49,2009,1253,4689393,26.7
49,2010,1287,4605901,27.9
49,2011,1409,4519432,31.2
49,2012,1344,4509567,29.8
49,2013,1338,4494922,29.8
49,2014,1319,4409209,29.9
49,2015,1372,4152552,33
49,,18457,73034978,25.3
50,1999,404,3762700,10.7
50,2000,456,3808515,12
50,2001,570,3796146,15
50,2002,686,3881009,17.7
50,2003,784,3998812,19.6
50,2004,885,4121104,21.5
50,2005,1010,4295348,23.5
50,2006,1210,4264904,28.4
50,2007,1225,4426479,27.7
50,2008,1237,4471128,27.7
50,2009,1170,4462192,26.2
50,2010,1220,4660295,26.2
50,2011,1348,4581833,29.4
50,2012,1309,4505608,29.1
50,2013,1397,4494482,31.1
50,2014,1323,4491431,29.5
50,2015,1387,4400288,31.5
50,,17621,72422274,24.3
51,1999,361,3601854,10
51,2000,402,3616997,11.1
51,2001,470,3796980,12.4
51,2002,633,3797199,16.7
51,2003,689,3886144,17.7
51,2004,826,4010062,20.6
51,2005,938,4138594,22.7
51,2006,1132,4320192,26.2
51,2007,1151,4294933,26.8
51,2008,1180,4464006,26.4
51,2009,1205,4514833,26.7
51,2010,1238,4464631,27.7
51,2011,1340,4626453,29
51,2012,1372,4566251,30
51,2013,1374,4489236,30.6
51,2014,1409,4488666,31.4
51,2015,1498,4479664,33.4
51,,17218,71556695,24.1
52,1999,358,3873166,9.2
52,2000,378,3707436,10.2
52,2001,413,3654405,11.3
52,2002,529,3785188,14
52,2003,642,3782009,17
52,2004,703,3868188,18.2
52,2005,859,3989065,21.5
52,2006,1061,4114856,25.8
52,2007,1160,4292620,27
52,2008,1113,4264599,26.1
52,2009,1132,4429228,25.6
52,2010,1182,4500846,26.3
52,2011,1220,4478180,27.2
52,2012,1279,4609523,27.7
52,2013,1378,4547907,30.3
52,2014,1394,4480175,31.1
52,2015,1418,4474344,31.7
52,,16219,70851735,22.9
53,1999,252,2785325,9
53,2000,346,3635040,9.5
53,2001,362,3631014,10
53,2002,454,3650409,12.4
53,2003,616,3783390,16.3
53,2004,646,3782872,17.1
53,2005,785,3871906,20.3
53,2006,906,3996095,22.7
53,2007,980,4124978,23.8
53,2008,1041,4306809,24.2
53,2009,1107,4281465,25.9
53,2010,1092,4380354,24.9
53,2011,1210,4458125,27.1
53,2012,1216,4459925,27.3
53,2013,1263,4589261,27.5
53,2014,1337,4535748,29.5
53,2015,1437,4463494,32.2
53,,15050,68736210,21.9
54,1999,207,2900567,7.1
54,2000,233,2817560,8.3
54,2001,321,3808740,8.4
54,2002,429,3626101,11.8
54,2003,497,3646923,13.6
54,2004,556,3782442,14.7
54,2005,652,3783820,17.2
54,2006,772,3874826,19.9
54,2007,880,4001168,22
54,2008,945,4132932,22.9
54,2009,996,4317125,23.1
54,2010,1035,4291999,24.1
54,2011,1154,4415607,26.1
54,2012,1182,4437952,26.6
54,2013,1237,4438340,27.9
54,2014,1366,4574789,29.9
54,2015,1433,4516527,31.7
54,,13895,67367418,20.6
55,1999,200,2859176,7
55,2000,220,2850600,7.7
55,2001,241,2851092,8.5
55,2002,367,3788111,9.7
55,2003,430,3601691,11.9
55,2004,471,3618001,13
55,2005,582,3748247,15.5
55,2006,691,3745012,18.5
55,2007,777,3829701,20.3
55,2008,873,3949524,22.1
55,2009,924,4074019,22.7
55,2010,999,4254709,23.5
55,2011,1053,4263989,24.7
55,2012,1118,4393250,25.4
55,2013,1219,4415162,27.6
55,2014,1337,4421625,30.2
55,2015,1394,4553385,30.6
55,,12896,65217294,19.8
56,1999,187,2934509,6.4
56,2000,166,2837452,5.9
56,2001,169,2846838,5.9
56,2002,242,2846712,8.5
56,2003,391,3785668,10.3
56,2004,429,3603856,11.9
56,2005,466,3625240,12.9
56,2006,658,3760899,17.5
56,2007,695,3761384,18.5
56,2008,762,3850704,19.8
56,2009,822,3975863,20.7
56,2010,900,4037513,22.3
56,2011,1005,4232520,23.7
56,2012,1008,4240395,23.8
56,2013,1188,4369543,27.2
56,2014,1273,4395471,29
56,2015,1378,4399120,31.3
56,,11739,63503687,18.5
57,1999,156,2561216,6.1
57,2000,175,2864020,6.1
57,2001,170,2805407,6.1
57,2002,228,2833628,8
57,2003,284,2831596,10
57,2004,408,3763702,10.8
57,2005,474,3582008,13.2
57,2006,528,3601973,14.7
57,2007,603,3734883,16.1
57,2008,637,3733201,17.1
57,2009,708,3819855,18.5
57,2010,787,3936386,20
57,2011,883,4066089,21.7
57,2012,956,4207605,22.7
57,2013,1062,4215577,25.2
57,2014,1074,4347179,24.7
57,2015,1226,4371245,28
57,,10359,61275570,16.9
58,1999,119,2412512,4.9
58,2000,117,2540152,4.6
58,2001,187,2900132,6.4
58,2002,198,2792832,7.1
58,2003,252,2821608,8.9
58,2004,280,2819754,9.9
58,2005,412,3748661,11
58,2006,475,3568659,13.3
58,2007,564,3588953,15.7
58,2008,571,3722427,15.3
58,2009,636,3721219,17.1
58,2010,671,3794928,17.7
58,2011,754,3918566,19.2
58,2012,807,4040118,20
58,2013,962,4181408,23
58,2014,997,4191757,23.8
58,2015,1150,4320522,26.6
58,,9152,59084208,15.5
59,1999,98,2317408,4.2
59,2000,116,2377013,4.9
59,2001,134,2565506,5.2
59,2002,200,2881784,6.9
59,2003,189,2773994,6.8
59,2004,231,2801863,8.2
59,2005,294,2799064,10.5
59,2006,427,3720317,11.5
59,2007,462,3539851,13.1
59,2008,518,3558712,14.6
59,2009,542,3689647,14.7
59,2010,590,3641269,16.2
59,2011,648,3774384,17.2
59,2012,748,3891149,19.2
59,2013,820,4012740,20.4
59,2014,967,4155417,23.3
59,2015,1007,4163670,24.2
59,,7991,56663788,14.1
60,1999,92,2313430,4
60,2000,103,2319944,4.4
60,2001,100,2380300,4.2
60,2002,147,2540735,5.8
60,2003,180,2849408,6.3
60,2004,224,2739059,8.2
60,2005,248,2763609,9
60,2006,312,2757092,11.3
60,2007,409,3659454,11.2
60,2008,427,3476545,12.3
60,2009,506,3489302,14.5
60,2010,534,3621131,14.7
60,2011,584,3664521,15.9
60,2012,624,3745489,16.7
60,2013,727,3862796,18.8
60,2014,823,3985367,20.7
60,2015,833,4125792,20.2
60,,6873,54293974,12.7
61,1999,76,2178551,3.5
61,2000,91,2221227,4.1
61,2001,91,2323707,3.9
61,2002,133,2370358,5.6
61,2003,150,2534959,5.9
61,2004,171,2848602,6
61,2005,233,2745139,8.5
61,2006,236,2776869,8.5
61,2007,297,2775802,10.7
61,2008,364,3694987,9.9
61,2009,369,3517588,10.5
61,2010,464,3492596,13.3
61,2011,495,3584377,13.8
61,2012,471,3635456,13
61,2013,637,3715993,17.1
61,2014,701,3834428,18.3
61,2015,759,3954601,19.2
61,,5738,52205240,11
62,1999,84,2076327,4
62,2000,63,2171072,2.9
62,2001,104,2213270,4.7
62,2002,124,2306156,5.4
62,2003,130,2352131,5.5
62,2004,172,2515357,6.8
62,2005,204,2827064,7.2
62,2006,197,2725651,7.2
62,2007,246,2757918,8.9
62,2008,243,2757325,8.8
62,2009,325,3673134,8.8
62,2010,382,3563182,10.7
62,2011,428,3487302,12.3
62,2012,436,3554439,12.3
62,2013,574,3603520,15.9
62,2014,622,3685822,16.9
62,2015,699,3801935,18.4
62,,5033,50071605,10.1
63,1999,79,2054965,3.8
63,2000,83,2053151,4
63,2001,71,2172024,3.3
63,2002,92,2195850,4.2
63,2003,115,2289143,5
63,2004,147,2335553,6.3
63,2005,177,2498812,7.1
63,2006,200,2810202,7.1
63,2007,222,2711325,8.2
63,2008,195,2744863,7.1
63,2009,245,2745716,8.9
63,2010,338,3483884,9.7
63,2011,351,3459297,10.1
63,2012,377,3454687,10.9
63,2013,482,3519231,13.7
63,2014,494,3572379,13.8
63,2015,581,3651393,15.9
63,,4249,47752475,8.9
64,1999,70,2069932,3.4
64,2000,53,2040053,2.6
64,2001,94,2047019,4.6
64,2002,97,2147166,4.5
64,2003,118,2168747,5.4
64,2004,118,2259557,5.2
64,2005,150,2303653,6.5
64,2006,144,2463439,5.8
64,2007,178,2769163,6.4
64,2008,184,2668775,6.9
64,2009,198,2699257,7.3
64,2010,246,2657131,9.3
64,2011,311,3611095,8.6
64,2012,365,3423614,10.7
64,2013,423,3420461,12.4
64,2014,418,3488136,12
64,2015,484,3536156,13.7
64,,3651,45773354,8
65,1999,61,1913454,3.2
65,2000,54,2029911,2.7
65,2001,70,2012270,3.5
65,2002,94,2025379,4.6
65,2003,105,2125962,4.9
65,2004,101,2148431,4.7
65,2005,121,2240858,5.4
65,2006,140,2286008,6.1
65,2007,134,2445756,5.5
65,2008,213,2751913,7.7
65,2009,181,2653345,6.8
65,2010,171,2680761,6.4
65,2011,242,2672909,9.1
65,2012,319,3570839,8.9
65,2013,337,3391067,9.9
65,2014,366,3384449,10.8
65,2015,440,3450043,12.8
65,,3149,43783355,7.2
66,1999,69,1896361,3.6
66,2000,44,1860320,2.4
66,2001,61,2013441,3
66,2002,75,1986541,3.8
66,2003,86,1999916,4.3
66,2004,86,2098650,4.1
66,2005,119,2121740,5.6
66,2006,131,2213751,5.9
66,2007,135,2257671,6
66,2008,159,2416007,6.6
66,2009,180,2719454,6.6
66,2010,159,2639141,6
66,2011,191,2643148,7.2
66,2012,215,2640984,8.1
66,2013,320,3534440,9.1
66,2014,354,3347776,10.6
66,2015,396,3344134,11.8
66,,2780,41733475,6.7
67,1999,56,1916683,2.9
67,2000,43,1896451,2.3
67,2001,63,1850485,3.4
67,2002,70,1986526,3.5
67,2003,92,1961151,4.7
67,2004,108,1975087,5.5
67,2005,95,2074635,4.6
67,2006,121,2098690,5.8
67,2007,109,2191327,5
67,2008,137,2235669,6.1
67,2009,160,2394376,6.7
67,2010,177,2649365,6.7
67,2011,188,2584544,7.3
67,2012,195,2609069,7.5
67,2013,223,2604610,8.6
67,2014,295,3485502,8.5
67,2015,300,3304187,9.1
67,,2432,39818357,6.1
68,1999,57,1917811,3
68,2000,60,1864515,3.2
68,2001,51,1852792,2.8
68,2002,72,1821142,4
68,2003,78,1955990,4
68,2004,73,1930847,3.8
68,2005,90,1945279,4.6
68,2006,117,2044245,5.7
68,2007,97,2068095,4.7
68,2008,112,2160024,5.2
68,2009,118,2204229,5.4
68,2010,133,2323672,5.7
68,2011,173,2652309,6.5
68,2012,207,2546946,8.1
68,2013,195,2569911,7.6
68,2014,200,2572527,7.8
68,2015,270,3436357,7.9
68,,2103,37866691,5.6
69,1999,58,1897189,3.1
69,2000,43,1882348,2.3
69,2001,51,1833245,2.8
69,2002,54,1818893,3
69,2003,80,1787777,4.5
69,2004,70,1920414,3.6
69,2005,86,1896115,4.5
69,2006,84,1910507,4.4
69,2007,93,2007386,4.6
69,2008,86,2030734,4.2
69,2009,103,2120973,4.9
69,2010,101,2142324,4.7
69,2011,120,2320878,5.2
69,2012,154,2609515,5.9
69,2013,159,2508689,6.3
69,2014,158,2535012,6.2
69,2015,197,2532747,7.8
69,,1697,35754746,4.7
70,1999,62,1872535,3.3
70,2000,49,1875175,2.6
70,2001,52,1817859,2.9
70,2002,48,1792760,2.7
70,2003,50,1777336,2.8
70,2004,60,1744903,3.4
70,2005,75,1873726,4
70,2006,87,1848556,4.7
70,2007,83,1860716,4.5
70,2008,84,1953328,4.3
70,2009,98,1974076,5
70,2010,91,2043121,4.5
70,2011,89,2129501,4.2
70,2012,111,2279580,4.9
70,2013,138,2569502,5.4
70,2014,159,2466485,6.4
70,2015,139,2492490,5.6
70,,1475,34371649,4.3
71,1999,50,1830815,2.7
71,2000,55,1788269,3.1
71,2001,63,1844676,3.4
71,2002,51,1782107,2.9
71,2003,59,1760292,3.4
71,2004,82,1747347,4.7
71,2005,86,1718367,5
71,2006,88,1848947,4.8
71,2007,65,1826784,3.6
71,2008,67,1841560,3.6
71,2009,75,1936308,3.9
71,2010,91,1949323,4.7
71,2011,107,2022340,5.3
71,2012,107,2088076,5.1
71,2013,124,2238499,5.5
71,2014,181,2519748,7.2
71,2015,133,2421191,5.5
71,,1484,33164649,4.5
72,1999,46,1751382,2.6
72,2000,57,1791696,3.2
72,2001,55,1743767,3.2
72,2002,74,1797946,4.1
72,2003,72,1736351,4.1
72,2004,75,1713793,4.4
72,2005,72,1700960,4.2
72,2006,77,1672443,4.6
72,2007,79,1798955,4.4
72,2008,71,1776463,4
72,2009,82,1790136,4.6
72,2010,83,1864275,4.5
72,2011,79,1911624,4.1
72,2012,85,1979898,4.3
72,2013,113,2044846,5.5
72,2014,117,2194234,5.3
72,2015,131,2469605,5.3
72,,1368,31738374,4.3
73,1999,47,1714390,2.7
73,2000,41,1725168,2.4
73,2001,44,1733630,2.5
73,2002,50,1697450,2.9
73,2003,67,1751589,3.8
73,2004,51,1691931,3
73,2005,72,1671512,4.3
73,2006,75,1660842,4.5
73,2007,51,1633722,3.1
73,2008,74,1758650,4.2
73,2009,73,1737897,4.2
73,2010,70,1736960,4
73,2011,83,1839285,4.5
73,2012,84,1867571,4.5
73,2013,101,1934570,5.2
73,2014,103,2002191,5.1
73,2015,118,2146052,5.5
73,,1204,30303410,4
74,1999,50,1708289,2.9
74,2000,40,1677133,2.4
74,2001,43,1682014,2.6
74,2002,65,1679791,3.9
74,2003,66,1644551,4
74,2004,79,1696130,4.7
74,2005,71,1638505,4.3
74,2006,88,1619038,5.4
74,2007,59,1608315,3.7
74,2008,65,1581331,4.1
74,2009,67,1702305,3.9
74,2010,61,1684487,3.6
74,2011,72,1705200,4.2
74,2012,84,1792914,4.7
74,2013,86,1820632,4.7
74,2014,81,1890366,4.3
74,2015,106,1953711,5.4
74,,1183,29084712,4.1
75,1999,54,1637734,3.3
75,2000,50,1651641,3
75,2001,50,1610892,3.1
75,2002,57,1620812,3.5
75,2003,56,1617308,3.5
75,2004,73,1581121,4.6
75,2005,67,1629763,4.1
75,2006,98,1573506,6.2
75,2007,52,1553097,3.3
75,2008,52,1541027,3.4
75,2009,56,1513301,3.7
75,2010,66,1620077,4.1
75,2011,48,1638322,2.9
75,2012,74,1657855,4.5
75,2013,83,1743415,4.8
75,2014,81,1774697,4.6
75,2015,85,1839823,4.6
75,,1102,27804391,4
76,1999,60,1539287,3.9
76,2000,41,1556567,2.6
76,2001,60,1589103,3.8
76,2002,52,1554475,3.3
76,2003,59,1567629,3.8
76,2004,64,1566753,4.1
76,2005,81,1535359,5.3
76,2006,77,1587027,4.9
76,2007,59,1535224,3.8
76,2008,57,1518327,3.8
76,2009,72,1510000,4.8
76,2010,62,1471070,4.2
76,2011,51,1580914,3.2
76,2012,60,1588005,3.8
76,2013,61,1607329,3.8
76,2014,77,1694648,4.5
76,2015,86,1722041,5
76,,1079,26723758,4
77,1999,63,1499362,4.2
77,2000,58,1460781,4
77,2001,60,1503097,4
77,2002,55,1522890,3.6
77,2003,62,1489790,4.2
77,2004,83,1501866,5.5
77,2005,77,1501643,5.1
77,2006,82,1472328,5.6
77,2007,50,1521903,3.3
77,2008,55,1472006,3.7
77,2009,64,1455744,4.4
77,2010,54,1455330,3.7
77,2011,48,1430790,3.4
77,2012,54,1527795,3.5
77,2013,73,1534778,4.8
77,2014,59,1557239,3.8
77,2015,69,1639085,4.2
77,,1066,25546427,4.2
78,1999,42,1407240,3
78,2000,38,1431916,2.7
78,2001,47,1405933,3.3
78,2002,53,1436185,3.7
78,2003,54,1456995,3.7
78,2004,64,1425682,4.5
78,2005,67,1439475,4.7
78,2006,77,1441641,5.3
78,2007,51,1414814,3.6
78,2008,70,1464084,4.8
78,2009,72,1417539,5.1
78,2010,58,1400123,4.1
78,2011,53,1394574,3.8
78,2012,53,1377972,3.8
78,2013,57,1471162,3.9
78,2014,67,1481505,4.5
78,2015,57,1500813,3.8
78,,980,24367653,4
79,1999,45,1258983,3.6
79,2000,48,1314908,3.7
79,2001,37,1346388,2.7
79,2002,47,1336099,3.5
79,2003,57,1366120,4.2
79,2004,65,1385977,4.7
79,2005,72,1357369,5.3
79,2006,70,1372532,5.1
79,2007,63,1375325,4.6
79,2008,49,1350299,3.6
79,2009,59,1398480,4.2
79,2010,51,1371195,3.7
79,2011,64,1344087,4.8
79,2012,59,1337956,4.4
79,2013,62,1321197,4.7
79,2014,63,1414235,4.5
79,2015,56,1422071,3.9
79,,967,23073221,4.2
80,1999,40,1189382,3.4
80,2000,55,1207365,4.6
80,2001,49,1254832,3.9
80,2002,45,1269310,3.5
80,2003,46,1259724,3.7
80,2004,56,1286733,4.4
80,2005,77,1305661,5.9
80,2006,86,1278890,6.7
80,2007,54,1292775,4.2
80,2008,67,1294601,5.2
80,2009,56,1270444,4.4
80,2010,60,1308511,4.6
80,2011,48,1293211,3.7
80,2012,52,1283660,4.1
80,2013,55,1277377,4.3
80,2014,52,1264072,4.1
80,2015,60,1351196,4.4
80,,958,21687744,4.4
81,1999,44,1047265,4.2
81,2000,26,1072048,2.4
81,2001,38,1154138,3.3
81,2002,48,1180698,4.1
81,2003,65,1196760,5.4
81,2004,60,1189534,5
81,2005,71,1218283,5.8
81,2006,78,1239927,6.3
81,2007,40,1216593,3.3
81,2008,43,1232307,3.5
81,2009,53,1236769,4.3
81,2010,44,1212865,3.6
81,2011,57,1253347,4.5
81,2012,44,1228420,3.6
81,2013,60,1219160,4.9
81,2014,42,1216009,3.5
81,2015,47,1201044,3.9
81,,860,20315167,4.2
82,1999,36,972176,3.7
82,2000,37,981562,3.8
82,2001,38,993071,3.8
82,2002,42,1075053,3.9
82,2003,45,1100969,4.1
82,2004,52,1115106,4.7
82,2005,78,1109756,7
82,2006,75,1138135,6.6
82,2007,58,1158822,5
82,2008,43,1136851,3.8
82,2009,44,1152248,3.8
82,2010,48,1161421,4.1
82,2011,56,1145240,4.9
82,2012,49,1184179,4.1
82,2013,47,1160321,4.1
82,2014,50,1153634,4.3
82,2015,51,1148948,4.4
82,,849,18887492,4.5
83,1999,36,875092,4.1
83,2000,38,883063,4.3
83,2001,29,927192,3.1
83,2002,47,919945,5.1
83,2003,47,997727,4.7
83,2004,50,1023151,4.9
83,2005,56,1038431,5.4
83,2006,79,1036784,7.6
83,2007,39,1065220,3.7
83,2008,47,1086404,4.3
83,2009,53,1067638,5
83,2010,33,1074809,3.1
83,2011,51,1087100,4.7
83,2012,39,1074693,3.6
83,2013,47,1111120,4.2
83,2014,49,1090465,4.5
83,2015,39,1082562,3.6
83,,779,17441396,4.5
84,1999,47,798393,5.9
84,2000,39,801329,4.9
84,2001,31,808972,3.8
84,2002,38,849397,4.5
84,2003,46,843416,5.5
84,2004,52,913980,5.7
84,2005,60,939062,6.4
84,2006,66,954381,6.9
84,2007,39,953666,4.1
84,2008,35,980196,3.6
84,2009,56,1000612,5.6
84,2010,44,985721,4.5
84,2011,46,1007645,4.6
84,2012,50,1012099,4.9
84,2013,46,1000660,4.6
84,2014,56,1036186,5.4
84,2015,56,1015591,5.5
84,,807,15901306,5.1
85,1999,28,Not Applicable,Not Applicable
85,2000,28,Not Applicable,Not Applicable
85,2001,29,Not Applicable,Not Applicable
85,2002,36,Not Applicable,Not Applicable
85,2003,50,Not Applicable,Not Applicable
85,2004,47,Not Applicable,Not Applicable
85,2005,55,Not Applicable,Not Applicable
85,2006,63,Not Applicable,Not Applicable
85,2007,46,Not Applicable,Not Applicable
85,2008,46,Not Applicable,Not Applicable
85,2009,32,Not Applicable,Not Applicable
85,2010,53,Not Applicable,Not Applicable
85,2011,48,Not Applicable,Not Applicable
85,2012,51,Not Applicable,Not Applicable
85,2013,55,Not Applicable,Not Applicable
85,2014,49,Not Applicable,Not Applicable
85,2015,51,Not Applicable,Not Applicable
85,,767,Not Applicable,Not Applicable
86,1999,37,Not Applicable,Not Applicable
86,2000,25,Not Applicable,Not Applicable
86,2001,29,Not Applicable,Not Applicable
86,2002,37,Not Applicable,Not Applicable
86,2003,41,Not Applicable,Not Applicable
86,2004,44,Not Applicable,Not Applicable
86,2005,54,Not Applicable,Not Applicable
86,2006,45,Not Applicable,Not Applicable
86,2007,35,Not Applicable,Not Applicable
86,2008,29,Not Applicable,Not Applicable
86,2009,40,Not Applicable,Not Applicable
86,2010,38,Not Applicable,Not Applicable
86,2011,40,Not Applicable,Not Applicable
86,2012,29,Not Applicable,Not Applicable
86,2013,37,Not Applicable,Not Applicable
86,2014,44,Not Applicable,Not Applicable
86,2015,41,Not Applicable,Not Applicable
86,,645,Not Applicable,Not Applicable
87,1999,23,Not Applicable,Not Applicable
87,2000,39,Not Applicable,Not Applicable
87,2001,32,Not Applicable,Not Applicable
87,2002,30,Not Applicable,Not Applicable
87,2003,32,Not Applicable,Not Applicable
87,2004,34,Not Applicable,Not Applicable
87,2005,48,Not Applicable,Not Applicable
87,2006,46,Not Applicable,Not Applicable
87,2007,26,Not Applicable,Not Applicable
87,2008,32,Not Applicable,Not Applicable
87,2009,44,Not Applicable,Not Applicable
87,2010,47,Not Applicable,Not Applicable
87,2011,36,Not Applicable,Not Applicable
87,2012,42,Not Applicable,Not Applicable
87,2013,42,Not Applicable,Not Applicable
87,2014,31,Not Applicable,Not Applicable
87,2015,58,Not Applicable,Not Applicable
87,,642,Not Applicable,Not Applicable
88,1999,20,Not Applicable,Not Applicable
88,2000,34,Not Applicable,Not Applicable
88,2001,23,Not Applicable,Not Applicable
88,2002,27,Not Applicable,Not Applicable
88,2003,36,Not Applicable,Not Applicable
88,2004,25,Not Applicable,Not Applicable
88,2005,35,Not Applicable,Not Applicable
88,2006,48,Not Applicable,Not Applicable
88,2007,31,Not Applicable,Not Applicable
88,2008,23,Not Applicable,Not Applicable
88,2009,29,Not Applicable,Not Applicable
88,2010,33,Not Applicable,Not Applicable
88,2011,25,Not Applicable,Not Applicable
88,2012,28,Not Applicable,Not Applicable
88,2013,44,Not Applicable,Not Applicable
88,2014,31,Not Applicable,Not Applicable
88,2015,47,Not Applicable,Not Applicable
88,,539,Not Applicable,Not Applicable
89,1999,26,Not Applicable,Not Applicable
89,2000,24,Not Applicable,Not Applicable
89,2001,23,Not Applicable,Not Applicable
89,2002,29,Not Applicable,Not Applicable
89,2003,28,Not Applicable,Not Applicable
89,2004,29,Not Applicable,Not Applicable
89,2005,43,Not Applicable,Not Applicable
89,2006,48,Not Applicable,Not Applicable
89,2007,25,Not Applicable,Not Applicable
89,2008,25,Not Applicable,Not Applicable
89,2009,24,Not Applicable,Not Applicable
89,2010,22,Not Applicable,Not Applicable
89,2011,26,Not Applicable,Not Applicable
89,2012,24,Not Applicable,Not Applicable
89,2013,34,Not Applicable,Not Applicable
89,2014,36,Not Applicable,Not Applicable
89,2015,35,Not Applicable,Not Applicable
89,,501,Not Applicable,Not Applicable
90,1999,12,Not Applicable,Not Applicable
90,2000,22,Not Applicable,Not Applicable
90,2001,16,Not Applicable,Not Applicable
90,2002,21,Not Applicable,Not Applicable
90,2003,25,Not Applicable,Not Applicable
90,2004,28,Not Applicable,Not Applicable
90,2005,30,Not Applicable,Not Applicable
90,2006,43,Not Applicable,Not Applicable
90,2007,15,Not Applicable,Not Applicable
90,2008,32,Not Applicable,Not Applicable
90,2009,18,Not Applicable,Not Applicable
90,2010,25,Not Applicable,Not Applicable
90,2011,22,Not Applicable,Not Applicable
90,2012,26,Not Applicable,Not Applicable
90,2013,23,Not Applicable,Not Applicable
90,2014,23,Not Applicable,Not Applicable
90,2015,22,Not Applicable,Not Applicable
90,,403,Not Applicable,Not Applicable
91,1999,13,Not Applicable,Not Applicable
91,2000,18,Not Applicable,Not Applicable
91,2001,21,Not Applicable,Not Applicable
91,2002,20,Not Applicable,Not Applicable
91,2003,17,Not Applicable,Not Applicable
91,2004,29,Not Applicable,Not Applicable
91,2005,25,Not Applicable,Not Applicable
91,2006,33,Not Applicable,Not Applicable
91,2007,24,Not Applicable,Not Applicable
91,2008,20,Not Applicable,Not Applicable
91,2009,23,Not Applicable,Not Applicable
91,2010,23,Not Applicable,Not Applicable
91,2011,21,Not Applicable,Not Applicable
91,2012,26,Not Applicable,Not Applicable
91,2013,24,Not Applicable,Not Applicable
91,2014,18,Not Applicable,Not Applicable
91,2015,24,Not Applicable,Not Applicable
91,,379,Not Applicable,Not Applicable
92,1999,13,Not Applicable,Not Applicable
92,2000,13,Not Applicable,Not Applicable
92,2001,19,Not Applicable,Not Applicable
92,2002,15,Not Applicable,Not Applicable
92,2003,14,Not Applicable,Not Applicable
92,2004,13,Not Applicable,Not Applicable
92,2005,17,Not Applicable,Not Applicable
92,2006,27,Not Applicable,Not Applicable
92,2007,15,Not Applicable,Not Applicable
92,2008,20,Not Applicable,Not Applicable
92,2009,10,Not Applicable,Not Applicable
92,2010,10,Not Applicable,Not Applicable
92,2011,11,Not Applicable,Not Applicable
92,2012,22,Not Applicable,Not Applicable
92,2013,20,Not Applicable,Not Applicable
92,2014,21,Not Applicable,Not Applicable
92,2015,21,Not Applicable,Not Applicable
92,,281,Not Applicable,Not Applicable
93,1999,5,Not Applicable,Not Applicable
93,2000,14,Not Applicable,Not Applicable
93,2001,6,Not Applicable,Not Applicable
93,2002,11,Not Applicable,Not Applicable
93,2003,11,Not Applicable,Not Applicable
93,2004,19,Not Applicable,Not Applicable
93,2005,21,Not Applicable,Not Applicable
93,2006,18,Not Applicable,Not Applicable
93,2007,15,Not Applicable,Not Applicable
93,2008,10,Not Applicable,Not Applicable
93,2009,13,Not Applicable,Not Applicable
93,2010,16,Not Applicable,Not Applicable
93,2011,9,Not Applicable,Not Applicable
93,2012,14,Not Applicable,Not Applicable
93,2013,10,Not Applicable,Not Applicable
93,2014,14,Not Applicable,Not Applicable
93,2015,17,Not Applicable,Not Applicable
93,,223,Not Applicable,Not Applicable
94,1999,6,Not Applicable,Not Applicable
94,2000,8,Not Applicable,Not Applicable
94,2001,7,Not Applicable,Not Applicable
94,2002,17,Not Applicable,Not Applicable
94,2003,12,Not Applicable,Not Applicable
94,2004,9,Not Applicable,Not Applicable
94,2005,13,Not Applicable,Not Applicable
94,2006,14,Not Applicable,Not Applicable
94,2007,10,Not Applicable,Not Applicable
94,2008,8,Not Applicable,Not Applicable
94,2009,8,Not Applicable,Not Applicable
94,2010,8,Not Applicable,Not Applicable
94,2011,13,Not Applicable,Not Applicable
94,2012,12,Not Applicable,Not Applicable
94,2013,12,Not Applicable,Not Applicable
94,2014,14,Not Applicable,Not Applicable
94,2015,16,Not Applicable,Not Applicable
94,,187,Not Applicable,Not Applicable
95,1999,3,Not Applicable,Not Applicable
95,2000,5,Not Applicable,Not Applicable
95,2001,6,Not Applicable,Not Applicable
95,2002,5,Not Applicable,Not Applicable
95,2003,5,Not Applicable,Not Applicable
95,2004,7,Not Applicable,Not Applicable
95,2005,13,Not Applicable,Not Applicable
95,2006,14,Not Applicable,Not Applicable
95,2007,4,Not Applicable,Not Applicable
95,2008,6,Not Applicable,Not Applicable
95,2009,8,Not Applicable,Not Applicable
95,2010,9,Not Applicable,Not Applicable
95,2011,6,Not Applicable,Not Applicable
95,2012,9,Not Applicable,Not Applicable
95,2013,3,Not Applicable,Not Applicable
95,2014,12,Not Applicable,Not Applicable
95,2015,10,Not Applicable,Not Applicable
95,,125,Not Applicable,Not Applicable
96,1999,8,Not Applicable,Not Applicable
96,2000,1,Not Applicable,Not Applicable
96,2001,2,Not Applicable,Not Applicable
96,2002,5,Not Applicable,Not Applicable
96,2003,5,Not Applicable,Not Applicable
96,2004,3,Not Applicable,Not Applicable
96,2005,9,Not Applicable,Not Applicable
96,2006,10,Not Applicable,Not Applicable
96,2007,6,Not Applicable,Not Applicable
96,2008,3,Not Applicable,Not Applicable
96,2009,4,Not Applicable,Not Applicable
96,2010,6,Not Applicable,Not Applicable
96,2011,6,Not Applicable,Not Applicable
96,2012,4,Not Applicable,Not Applicable
96,2013,4,Not Applicable,Not Applicable
96,2014,8,Not Applicable,Not Applicable
96,2015,4,Not Applicable,Not Applicable
96,,88,Not Applicable,Not Applicable
97,1999,3,Not Applicable,Not Applicable
97,2000,4,Not Applicable,Not Applicable
97,2001,3,Not Applicable,Not Applicable
97,2002,2,Not Applicable,Not Applicable
97,2003,2,Not Applicable,Not Applicable
97,2004,3,Not Applicable,Not Applicable
97,2005,7,Not Applicable,Not Applicable
97,2006,4,Not Applicable,Not Applicable
97,2007,3,Not Applicable,Not Applicable
97,2008,4,Not Applicable,Not Applicable
97,2009,8,Not Applicable,Not Applicable
97,2010,3,Not Applicable,Not Applicable
97,2011,5,Not Applicable,Not Applicable
97,2012,4,Not Applicable,Not Applicable
97,2013,5,Not Applicable,Not Applicable
97,2014,3,Not Applicable,Not Applicable
97,2015,2,Not Applicable,Not Applicable
97,,65,Not Applicable,Not Applicable
98,1999,3,Not Applicable,Not Applicable
98,2000,1,Not Applicable,Not Applicable
98,2001,2,Not Applicable,Not Applicable
98,2004,2,Not Applicable,Not Applicable
98,2005,3,Not Applicable,Not Applicable
98,2006,5,Not Applicable,Not Applicable
98,2007,6,Not Applicable,Not Applicable
98,2009,6,Not Applicable,Not Applicable
98,2010,3,Not Applicable,Not Applicable
98,2011,5,Not Applicable,Not Applicable
98,2012,1,Not Applicable,Not Applicable
98,2013,3,Not Applicable,Not Applicable
98,2014,1,Not Applicable,Not Applicable
98,2015,3,Not Applicable,Not Applicable
98,,44,Not Applicable,Not Applicable
99,2000,4,Not Applicable,Not Applicable
99,2001,4,Not Applicable,Not Applicable
99,2002,3,Not Applicable,Not Applicable
99,2003,1,Not Applicable,Not Applicable
99,2004,4,Not Applicable,Not Applicable
99,2005,4,Not Applicable,Not Applicable
99,2006,3,Not Applicable,Not Applicable
99,2009,3,Not Applicable,Not Applicable
99,2010,2,Not Applicable,Not Applicable
99,2011,5,Not Applicable,Not Applicable
99,2012,5,Not Applicable,Not Applicable
99,2013,2,Not Applicable,Not Applicable
99,2014,4,Not Applicable,Not Applicable
99,2015,1,Not Applicable,Not Applicable
99,,45,Not Applicable,Not Applicable
100,1999,1,Not Applicable,Not Applicable
100,2001,4,Not Applicable,Not Applicable
100,2002,2,Not Applicable,Not Applicable
100,2003,4,Not Applicable,Not Applicable
100,2004,8,Not Applicable,Not Applicable
100,2005,11,Not Applicable,Not Applicable
100,2006,7,Not Applicable,Not Applicable
100,2007,3,Not Applicable,Not Applicable
100,2008,3,Not Applicable,Not Applicable
100,2009,5,Not Applicable,Not Applicable
100,2010,5,Not Applicable,Not Applicable
100,2011,2,Not Applicable,Not Applicable
100,2012,4,Not Applicable,Not Applicable
100,2013,1,Not Applicable,Not Applicable
100,2014,1,Not Applicable,Not Applicable
100,2015,1,Not Applicable,Not Applicable
100,,62,Not Applicable,Not Applicable
NS,1999,18,Not Applicable,Not Applicable
NS,2000,14,Not Applicable,Not Applicable
NS,2001,16,Not Applicable,Not Applicable
NS,2002,10,Not Applicable,Not Applicable
NS,2003,12,Not Applicable,Not Applicable
NS,2004,12,Not Applicable,Not Applicable
NS,2005,5,Not Applicable,Not Applicable
NS,2006,16,Not Applicable,Not Applicable
NS,2007,4,Not Applicable,Not Applicable
NS,2008,4,Not Applicable,Not Applicable
NS,2009,7,Not Applicable,Not Applicable
NS,2010,4,Not Applicable,Not Applicable
NS,2011,6,Not Applicable,Not Applicable
NS,2012,4,Not Applicable,Not Applicable
NS,2013,6,Not Applicable,Not Applicable
NS,2014,8,Not Applicable,Not Applicable
NS,2015,5,Not Applicable,Not Applicable
NS,,151,Not Applicable,Not Applicable
,,613475,5112618876,12
